date_slot_room,seats,courses_A,courses_B,multi_on_A,multi_on_B,num_entries,num_rows_with_sNo
15-Sept-25|Slot-1|101,"A: 31, B: 28",Tst60:31,Tst65:28,0,0,59,59
15-Sept-25|Slot-1|102,"A: 25, B: 23",,,0,0,48,0
15-Sept-25|Slot-1|103,"A: 29, B: 25",Tst13:29,,0,0,54,29
15-Sept-25|Slot-1|108,"A: 30, B: 30",Tst60:30,Tst22:30,0,0,60,60
15-Sept-25|Slot-1|110,"A: 31, B: 25",Tst60:31,,0,0,56,31
15-Sept-25|Slot-1|111,"A: 28, B: 28",,,0,0,56,0
15-Sept-25|Slot-1|112,"A: 28, B: 27",,,0,0,55,0
15-Sept-25|Slot-1|113A,"A: 31, B: 24",Tst60:31,,0,0,55,31
15-Sept-25|Slot-1|113B,"A: 31, B: 25",Tst60:31,,0,0,56,31
15-Sept-25|Slot-1|113C,"A: 31, B: 25",Tst60:31,,0,0,56,31
15-Sept-25|Slot-1|115A,"A: 35, B: 28",Tst06:35,Tst42:9,0,0,63,44
15-Sept-25|Slot-1|115B,"A: 35, B: 28",Tst06:35,Tst54:28,0,0,63,63
15-Sept-25|Slot-1|115C,"A: 35, B: 28",Tst06:35,Tst54:8,0,0,63,43
15-Sept-25|Slot-1|116A,"A: 35, B: 28",Tst06:35,Tst55:28,0,0,63,63
15-Sept-25|Slot-1|116B,"A: 35, B: 28",Tst06:35,Tst55:7,0,0,63,42
15-Sept-25|Slot-1|116C,"A: 35, B: 28",Tst06:35,Tst70:28,0,0,63,63
15-Sept-25|Slot-1|124A,"A: 18, B: 18",,,0,0,36,0
15-Sept-25|Slot-1|124B,"A: 18, B: 18",,,0,0,36,0
15-Sept-25|Slot-1|125A,"A: 30, B: 30",Tst60:21,Tst22:30,0,0,60,51
15-Sept-25|Slot-1|125B,"A: 30, B: 30",Tst22:30,Tst25:30,0,0,60,60
15-Sept-25|Slot-1|126A,"A: 30, B: 30",Tst22:30,Tst25:30,0,0,60,60
15-Sept-25|Slot-1|126B,"A: 30, B: 30",Tst22:30,Tst25:4,0,0,60,34
15-Sept-25|Slot-1|127A,"A: 35, B: 28",Tst06:31,Tst70:7,0,0,63,38
15-Sept-25|Slot-1|127B,"A: 34, B: 28",Tst72:34,Tst35:28,0,0,62,62
15-Sept-25|Slot-1|127C,"A: 35, B: 28",Tst72:35,Tst71:28,0,0,63,63
15-Sept-25|Slot-1|201,"A: 28, B: 28",,,0,0,56,0
15-Sept-25|Slot-1|202,"A: 32, B: 31",Tst72:23,Tst60:31,0,0,63,54
15-Sept-25|Slot-1|205,"A: 30, B: 29",Tst22:30,Tst79:29,0,0,59,59
15-Sept-25|Slot-1|206,"A: 28, B: 28",,,0,0,56,0
15-Sept-25|Slot-1|208,"A: 28, B: 28",,,0,0,56,0
15-Sept-25|Slot-1|211,"A: 28, B: 29",Tst46:27,Tst79:2,0,0,57,29
15-Sept-25|Slot-1|212,"A: 30, B: 23",Tst22:30,,0,0,53,30
15-Sept-25|Slot-1|214A,"A: 34, B: 27",Tst72:34,,0,0,61,34
15-Sept-25|Slot-1|214B,"A: 32, B: 26",Tst60:32,,0,0,58,32
15-Sept-25|Slot-1|214C,"A: 33, B: 27",Tst72:33,,0,0,60,33
15-Sept-25|Slot-1|215A,"A: 34, B: 27",Tst72:34,,0,0,61,34
15-Sept-25|Slot-1|215B,"A: 33, B: 27",Tst72:33,,0,0,60,33
15-Sept-25|Slot-1|215C,"A: 33, B: 28",Tst72:33,Tst35:3,0,0,61,36
15-Sept-25|Slot-1|219A,"A: 18, B: 18",,,0,0,36,0
15-Sept-25|Slot-1|221B,"A: 36, B: 24",Tst06:36,,0,0,60,36
15-Sept-25|Slot-1|222A,"A: 35, B: 30",Tst06:35,Tst60:30,0,0,65,65
15-Sept-25|Slot-1|222B,"A: 39, B: 26",Tst06:39,,0,0,65,39
15-Sept-25|Slot-1|224A,"A: 18, B: 18",,,0,0,36,0
15-Sept-25|Slot-1|303,"A: 33, B: 26",Tst72:33,,0,0,59,33
15-Sept-25|Slot-1|304,"A: 29, B: 24",Tst13:28,,0,0,53,28
15-Sept-25|Slot-1|306,"A: 28, B: 26",,,0,0,54,0
15-Sept-25|Slot-1|307,"A: 28, B: 28",,,0,0,56,0
15-Sept-25|Slot-1|308,"A: 28, B: 28",,,0,0,56,0
15-Sept-25|Slot-1|316A,"A: 35, B: 28",Tst72:35,Tst71:6,0,0,63,41
15-Sept-25|Slot-1|316B,"A: 36, B: 29",Tst06:36,Tst22:10,0,0,65,46
15-Sept-25|Slot-1|321A,"A: 28, B: 28",,,0,0,56,0
15-Sept-25|Slot-1|322B,"A: 30, B: 28",Tst22:30,Tst65:2,0,0,58,32
15-Sept-25|Slot-1|327A,"A: 30, B: 29",Tst22:30,Tst79:29,0,0,59,59
15-Sept-25|Slot-1|327B,"A: 38, B: 28",Tst06:38,Tst42:28,0,0,66,66
15-Sept-25|Slot-3|101,"A: 31, B: 28",Tst32:31,Tst63:28,0,0,59,59
15-Sept-25|Slot-3|102,"A: 25, B: 23",,,0,0,48,0
15-Sept-25|Slot-3|103,"A: 29, B: 25",Tst73:29,,0,0,54,29
15-Sept-25|Slot-3|108,"A: 30, B: 30",Tst01:30,Tst02:30,0,0,60,60
15-Sept-25|Slot-3|110,"A: 31, B: 25",Tst32:31,,0,0,56,31
15-Sept-25|Slot-3|111,"A: 28, B: 28",Tst19:4,Tst75:28,0,0,56,32
15-Sept-25|Slot-3|112,"A: 28, B: 27",,,0,0,55,0
15-Sept-25|Slot-3|113A,"A: 31, B: 24",Tst32:31,,0,0,55,31
15-Sept-25|Slot-3|113B,"A: 31, B: 25",Tst32:31,,0,0,56,31
15-Sept-25|Slot-3|113C,"A: 31, B: 25",Tst32:31,,0,0,56,31
15-Sept-25|Slot-3|115A,"A: 35, B: 28",Tst33:35,Tst49:28,0,0,63,63
15-Sept-25|Slot-3|115B,"A: 35, B: 28",Tst33:35,Tst49:28,0,0,63,63
15-Sept-25|Slot-3|115C,"A: 35, B: 28",Tst33:35,Tst49:4,0,0,63,39
15-Sept-25|Slot-3|116A,"A: 35, B: 28",Tst33:35,Tst62:28,0,0,63,63
15-Sept-25|Slot-3|116B,"A: 35, B: 28",Tst33:35,Tst62:28,0,0,63,63
15-Sept-25|Slot-3|116C,"A: 35, B: 28",Tst33:24,Tst62:4,0,0,63,28
15-Sept-25|Slot-3|124A,"A: 18, B: 18",,,0,0,36,0
15-Sept-25|Slot-3|124B,"A: 18, B: 18",,,0,0,36,0
15-Sept-25|Slot-3|125A,"A: 30, B: 30",Tst01:30,Tst02:30,0,0,60,60
15-Sept-25|Slot-3|125B,"A: 30, B: 30",Tst01:30,Tst02:30,0,0,60,60
15-Sept-25|Slot-3|126A,"A: 30, B: 30",Tst01:30,Tst02:27,0,0,60,57
15-Sept-25|Slot-3|126B,"A: 30, B: 30",Tst01:30,Tst07:30,0,0,60,60
15-Sept-25|Slot-3|127A,"A: 35, B: 28",Tst14:35,Tst04:28,0,0,63,63
15-Sept-25|Slot-3|127B,"A: 34, B: 28",Tst14:34,Tst11:28,0,0,62,62
15-Sept-25|Slot-3|127C,"A: 35, B: 28",Tst14:35,Tst04:28,0,0,63,63
15-Sept-25|Slot-3|201,"A: 28, B: 28",Tst75:2,Tst10:26,0,0,56,28
15-Sept-25|Slot-3|202,"A: 32, B: 31",Tst14:6,Tst32:31,0,0,63,37
15-Sept-25|Slot-3|205,"A: 30, B: 29",Tst01:30,Tst34:29,0,0,59,59
15-Sept-25|Slot-3|206,"A: 28, B: 28",Tst51:21,,0,0,56,21
15-Sept-25|Slot-3|208,"A: 28, B: 28",,,0,0,56,0
15-Sept-25|Slot-3|211,"A: 28, B: 29",Tst19:28,Tst34:6,0,0,57,34
15-Sept-25|Slot-3|212,"A: 30, B: 23",Tst07:30,,0,0,53,30
15-Sept-25|Slot-3|214A,"A: 34, B: 27",Tst14:34,,0,0,61,34
15-Sept-25|Slot-3|214B,"A: 32, B: 26",Tst32:32,,0,0,58,32
15-Sept-25|Slot-3|214C,"A: 33, B: 27",Tst14:33,,0,0,60,33
15-Sept-25|Slot-3|215A,"A: 34, B: 27",Tst14:34,,0,0,61,34
15-Sept-25|Slot-3|215B,"A: 33, B: 27",Tst14:33,,0,0,60,33
15-Sept-25|Slot-3|215C,"A: 33, B: 28",Tst14:33,Tst11:9,0,0,61,42
15-Sept-25|Slot-3|219A,"A: 18, B: 18",,,0,0,36,0
15-Sept-25|Slot-3|221B,"A: 36, B: 24",Tst33:36,,0,0,60,36
15-Sept-25|Slot-3|222A,"A: 35, B: 30",Tst33:35,Tst32:20,0,0,65,55
15-Sept-25|Slot-3|222B,"A: 39, B: 26",Tst33:39,,0,0,65,39
15-Sept-25|Slot-3|224A,"A: 18, B: 18",,,0,0,36,0
15-Sept-25|Slot-3|303,"A: 33, B: 26",Tst14:33,,0,0,59,33
15-Sept-25|Slot-3|304,"A: 29, B: 24",Tst73:29,,0,0,53,29
15-Sept-25|Slot-3|306,"A: 28, B: 26",,,0,0,54,0
15-Sept-25|Slot-3|307,"A: 28, B: 28",,,0,0,56,0
15-Sept-25|Slot-3|308,"A: 28, B: 28",,,0,0,56,0
15-Sept-25|Slot-3|316A,"A: 35, B: 28",Tst14:35,Tst04:2,0,0,63,37
15-Sept-25|Slot-3|316B,"A: 36, B: 29",Tst33:36,Tst07:4,0,0,65,40
15-Sept-25|Slot-3|321A,"A: 28, B: 28",,,0,0,56,0
15-Sept-25|Slot-3|322B,"A: 30, B: 28",Tst01:7,Tst63:6,0,0,58,13
15-Sept-25|Slot-3|327A,"A: 30, B: 29",Tst01:30,Tst34:29,0,0,59,59
15-Sept-25|Slot-3|327B,"A: 38, B: 28",Tst33:38,Tst73:3,0,0,66,41
16-Sept-25|Slot-1|101,"A: 31, B: 28",Tst12:31,Tst30:28,0,0,59,59
16-Sept-25|Slot-1|102,"A: 25, B: 23",,,0,0,48,0
16-Sept-25|Slot-1|103,"A: 29, B: 25",Tst69:29,,0,0,54,29
16-Sept-25|Slot-1|108,"A: 30, B: 30",Tst64:30,Tst83:30,0,0,60,60
16-Sept-25|Slot-1|110,"A: 31, B: 25",Tst12:31,,0,0,56,31
16-Sept-25|Slot-1|111,"A: 28, B: 28",Tst27:18,Tst52:28,0,0,56,46
16-Sept-25|Slot-1|112,"A: 28, B: 27",,,0,0,55,0
16-Sept-25|Slot-1|113A,"A: 31, B: 24",Tst64:31,,0,0,55,31
16-Sept-25|Slot-1|113B,"A: 31, B: 25",Tst12:31,,0,0,56,31
16-Sept-25|Slot-1|113C,"A: 31, B: 25",Tst12:24,,0,0,56,24
16-Sept-25|Slot-1|115A,"A: 35, B: 28",Tst26:35,Tst78:28,0,0,63,63
16-Sept-25|Slot-1|115B,"A: 35, B: 28",Tst26:35,Tst78:8,0,0,63,43
16-Sept-25|Slot-1|115C,"A: 35, B: 28",Tst26:35,Tst80:28,0,0,63,63
16-Sept-25|Slot-1|116A,"A: 35, B: 28",Tst26:35,Tst80:28,0,0,63,63
16-Sept-25|Slot-1|116B,"A: 35, B: 28",Tst26:35,Tst80:7,0,0,63,42
16-Sept-25|Slot-1|116C,"A: 35, B: 28",Tst26:35,Tst44:28,0,0,63,63
16-Sept-25|Slot-1|124A,"A: 18, B: 18",,,0,0,36,0
16-Sept-25|Slot-1|124B,"A: 18, B: 18",,,0,0,36,0
16-Sept-25|Slot-1|125A,"A: 30, B: 30",Tst64:30,Tst83:30,0,0,60,60
16-Sept-25|Slot-1|125B,"A: 30, B: 30",Tst64:30,Tst83:30,0,0,60,60
16-Sept-25|Slot-1|126A,"A: 30, B: 30",Tst64:30,Tst83:30,0,0,60,60
16-Sept-25|Slot-1|126B,"A: 30, B: 30",Tst64:26,Tst83:30,0,0,60,56
16-Sept-25|Slot-1|127A,"A: 35, B: 28",Tst26:35,Tst44:28,0,0,63,63
16-Sept-25|Slot-1|127B,"A: 34, B: 28",Tst26:34,Tst56:28,0,0,62,62
16-Sept-25|Slot-1|127C,"A: 35, B: 28",Tst26:35,Tst44:4,0,0,63,39
16-Sept-25|Slot-1|201,"A: 28, B: 28",Tst52:6,Tst18:27,0,0,56,33
16-Sept-25|Slot-1|202,"A: 32, B: 31",Tst12:32,Tst64:31,0,0,63,63
16-Sept-25|Slot-1|205,"A: 30, B: 29",Tst83:24,Tst82:29,0,0,59,53
16-Sept-25|Slot-1|206,"A: 28, B: 28",Tst68:27,,0,0,56,27
16-Sept-25|Slot-1|208,"A: 28, B: 28",,,0,0,56,0
16-Sept-25|Slot-1|211,"A: 28, B: 29",Tst27:28,Tst69:29,0,0,57,57
16-Sept-25|Slot-1|212,"A: 30, B: 23",Tst37:27,,0,0,53,27
16-Sept-25|Slot-1|214A,"A: 34, B: 27",Tst26:34,,0,0,61,34
16-Sept-25|Slot-1|214B,"A: 32, B: 26",Tst12:32,,0,0,58,32
16-Sept-25|Slot-1|214C,"A: 33, B: 27",Tst12:33,,0,0,60,33
16-Sept-25|Slot-1|215A,"A: 34, B: 27",Tst26:34,,0,0,61,34
16-Sept-25|Slot-1|215B,"A: 33, B: 27",Tst12:33,,0,0,60,33
16-Sept-25|Slot-1|215C,"A: 33, B: 28",Tst26:5; Tst56:4,Tst30:28,1,0,61,37
16-Sept-25|Slot-1|219A,"A: 18, B: 18",,,0,0,36,0
16-Sept-25|Slot-1|221B,"A: 36, B: 24",Tst26:36,,0,0,60,36
16-Sept-25|Slot-1|222A,"A: 35, B: 30",Tst26:35,Tst64:30,0,0,65,65
16-Sept-25|Slot-1|222B,"A: 39, B: 26",Tst26:39,,0,0,65,39
16-Sept-25|Slot-1|224A,"A: 18, B: 18",,,0,0,36,0
16-Sept-25|Slot-1|303,"A: 33, B: 26",Tst12:33,,0,0,59,33
16-Sept-25|Slot-1|304,"A: 29, B: 24",Tst69:13,,0,0,53,13
16-Sept-25|Slot-1|306,"A: 28, B: 26",,,0,0,54,0
16-Sept-25|Slot-1|307,"A: 28, B: 28",,,0,0,56,0
16-Sept-25|Slot-1|308,"A: 28, B: 28",,,0,0,56,0
16-Sept-25|Slot-1|316A,"A: 35, B: 28",Tst26:35,Tst56:28,0,0,63,63
16-Sept-25|Slot-1|316B,"A: 36, B: 29",Tst26:36,Tst82:29,0,0,65,65
16-Sept-25|Slot-1|321A,"A: 28, B: 28",,,0,0,56,0
16-Sept-25|Slot-1|322B,"A: 30, B: 28",Tst37:30,Tst30:1,0,0,58,31
16-Sept-25|Slot-1|327A,"A: 30, B: 29",Tst37:30,Tst82:14,0,0,59,44
16-Sept-25|Slot-1|327B,"A: 38, B: 28",Tst26:38,Tst78:28,0,0,66,66
16-Sept-25|Slot-2|101,"A: 31, B: 28",,,0,0,59,0
16-Sept-25|Slot-2|102,"A: 25, B: 23",,,0,0,48,0
16-Sept-25|Slot-2|103,"A: 29, B: 25",,,0,0,54,0
16-Sept-25|Slot-2|108,"A: 30, B: 30",,,0,0,60,0
16-Sept-25|Slot-2|110,"A: 31, B: 25",,,0,0,56,0
16-Sept-25|Slot-2|111,"A: 28, B: 28",,,0,0,56,0
16-Sept-25|Slot-2|112,"A: 28, B: 27",,,0,0,55,0
16-Sept-25|Slot-2|113A,"A: 31, B: 24",,,0,0,55,0
16-Sept-25|Slot-2|113B,"A: 31, B: 25",,,0,0,56,0
16-Sept-25|Slot-2|113C,"A: 31, B: 25",,,0,0,56,0
16-Sept-25|Slot-2|115A,"A: 35, B: 28",,,0,0,63,0
16-Sept-25|Slot-2|115B,"A: 35, B: 28",,,0,0,63,0
16-Sept-25|Slot-2|115C,"A: 35, B: 28",,,0,0,63,0
16-Sept-25|Slot-2|116A,"A: 35, B: 28",,,0,0,63,0
16-Sept-25|Slot-2|116B,"A: 35, B: 28",,,0,0,63,0
16-Sept-25|Slot-2|116C,"A: 35, B: 28",,,0,0,63,0
16-Sept-25|Slot-2|124A,"A: 18, B: 18",,,0,0,36,0
16-Sept-25|Slot-2|124B,"A: 18, B: 18",,,0,0,36,0
16-Sept-25|Slot-2|125A,"A: 30, B: 30",,,0,0,60,0
16-Sept-25|Slot-2|125B,"A: 30, B: 30",,,0,0,60,0
16-Sept-25|Slot-2|126A,"A: 30, B: 30",,,0,0,60,0
16-Sept-25|Slot-2|126B,"A: 30, B: 30",,,0,0,60,0
16-Sept-25|Slot-2|127A,"A: 35, B: 28",,,0,0,63,0
16-Sept-25|Slot-2|127B,"A: 34, B: 28",,,0,0,62,0
16-Sept-25|Slot-2|127C,"A: 35, B: 28",,,0,0,63,0
16-Sept-25|Slot-2|201,"A: 28, B: 28",,,0,0,56,0
16-Sept-25|Slot-2|202,"A: 32, B: 31",,,0,0,63,0
16-Sept-25|Slot-2|205,"A: 30, B: 29",,,0,0,59,0
16-Sept-25|Slot-2|206,"A: 28, B: 28",,,0,0,56,0
16-Sept-25|Slot-2|208,"A: 28, B: 28",,,0,0,56,0
16-Sept-25|Slot-2|211,"A: 28, B: 29",,,0,0,57,0
16-Sept-25|Slot-2|212,"A: 30, B: 23",,,0,0,53,0
16-Sept-25|Slot-2|214A,"A: 34, B: 27",,,0,0,61,0
16-Sept-25|Slot-2|214B,"A: 32, B: 26",,,0,0,58,0
16-Sept-25|Slot-2|214C,"A: 33, B: 27",,,0,0,60,0
16-Sept-25|Slot-2|215A,"A: 34, B: 27",,,0,0,61,0
16-Sept-25|Slot-2|215B,"A: 33, B: 27",,,0,0,60,0
16-Sept-25|Slot-2|215C,"A: 33, B: 28",,,0,0,61,0
16-Sept-25|Slot-2|219A,"A: 18, B: 18",,,0,0,36,0
16-Sept-25|Slot-2|221B,"A: 36, B: 24",,,0,0,60,0
16-Sept-25|Slot-2|222A,"A: 35, B: 30",,,0,0,65,0
16-Sept-25|Slot-2|222B,"A: 39, B: 26",Tst140:39,,0,0,65,39
16-Sept-25|Slot-2|224A,"A: 18, B: 18",,,0,0,36,0
16-Sept-25|Slot-2|303,"A: 33, B: 26",,,0,0,59,0
16-Sept-25|Slot-2|304,"A: 29, B: 24",,,0,0,53,0
16-Sept-25|Slot-2|306,"A: 28, B: 26",,,0,0,54,0
16-Sept-25|Slot-2|307,"A: 28, B: 28",,,0,0,56,0
16-Sept-25|Slot-2|308,"A: 28, B: 28",,,0,0,56,0
16-Sept-25|Slot-2|316A,"A: 35, B: 28",,,0,0,63,0
16-Sept-25|Slot-2|316B,"A: 36, B: 29",,,0,0,65,0
16-Sept-25|Slot-2|321A,"A: 28, B: 28",,,0,0,56,0
16-Sept-25|Slot-2|322B,"A: 30, B: 28",,,0,0,58,0
16-Sept-25|Slot-2|327A,"A: 30, B: 29",,,0,0,59,0
16-Sept-25|Slot-2|327B,"A: 38, B: 28",Tst140:15,,0,0,66,15
16-Sept-25|Slot-3|101,"A: 31, B: 28",Tst16:31,,0,0,59,31
16-Sept-25|Slot-3|102,"A: 25, B: 23",,,0,0,48,0
16-Sept-25|Slot-3|103,"A: 29, B: 25",,,0,0,54,0
16-Sept-25|Slot-3|108,"A: 30, B: 30",,,0,0,60,0
16-Sept-25|Slot-3|110,"A: 31, B: 25",Tst16:6,,0,0,56,6
16-Sept-25|Slot-3|111,"A: 28, B: 28",,,0,0,56,0
16-Sept-25|Slot-3|112,"A: 28, B: 27",,,0,0,55,0
16-Sept-25|Slot-3|113A,"A: 31, B: 24",,,0,0,55,0
16-Sept-25|Slot-3|113B,"A: 31, B: 25",Tst59:16,,0,0,56,16
16-Sept-25|Slot-3|113C,"A: 31, B: 25",,,0,0,56,0
16-Sept-25|Slot-3|115A,"A: 35, B: 28",Tst45:35,,0,0,63,35
16-Sept-25|Slot-3|115B,"A: 35, B: 28",Tst45:35,,0,0,63,35
16-Sept-25|Slot-3|115C,"A: 35, B: 28",Tst45:13,,0,0,63,13
16-Sept-25|Slot-3|116A,"A: 35, B: 28",Tst39:35,,0,0,63,35
16-Sept-25|Slot-3|116B,"A: 35, B: 28",Tst39:35,,0,0,63,35
16-Sept-25|Slot-3|116C,"A: 35, B: 28",Tst39:35,,0,0,63,35
16-Sept-25|Slot-3|124A,"A: 18, B: 18",,,0,0,36,0
16-Sept-25|Slot-3|124B,"A: 18, B: 18",,,0,0,36,0
16-Sept-25|Slot-3|125A,"A: 30, B: 30",,,0,0,60,0
16-Sept-25|Slot-3|125B,"A: 30, B: 30",,,0,0,60,0
16-Sept-25|Slot-3|126A,"A: 30, B: 30",,,0,0,60,0
16-Sept-25|Slot-3|126B,"A: 30, B: 30",,,0,0,60,0
16-Sept-25|Slot-3|127A,"A: 35, B: 28",Tst39:20,,0,0,63,20
16-Sept-25|Slot-3|127B,"A: 34, B: 28",Tst28:33; Tst76:1,,1,0,62,34
16-Sept-25|Slot-3|127C,"A: 35, B: 28",Tst76:35,,0,0,63,35
16-Sept-25|Slot-3|201,"A: 28, B: 28",,,0,0,56,0
16-Sept-25|Slot-3|202,"A: 32, B: 31",Tst29:25,Tst50:12,0,0,63,37
16-Sept-25|Slot-3|205,"A: 30, B: 29",,,0,0,59,0
16-Sept-25|Slot-3|206,"A: 28, B: 28",,,0,0,56,0
16-Sept-25|Slot-3|208,"A: 28, B: 28",,,0,0,56,0
16-Sept-25|Slot-3|211,"A: 28, B: 29",,,0,0,57,0
16-Sept-25|Slot-3|212,"A: 30, B: 23",,,0,0,53,0
16-Sept-25|Slot-3|214A,"A: 34, B: 27",Tst77:34,,0,0,61,34
16-Sept-25|Slot-3|214B,"A: 32, B: 26",Tst50:32,,0,0,58,32
16-Sept-25|Slot-3|214C,"A: 33, B: 27",Tst66:33,,0,0,60,33
16-Sept-25|Slot-3|215A,"A: 34, B: 27",Tst77:32,,0,0,61,32
16-Sept-25|Slot-3|215B,"A: 33, B: 27",Tst66:27,,0,0,60,27
16-Sept-25|Slot-3|215C,"A: 33, B: 28",Tst28:31,,0,0,61,31
16-Sept-25|Slot-3|219A,"A: 18, B: 18",,,0,0,36,0
16-Sept-25|Slot-3|221B,"A: 36, B: 24",Tst45:36,,0,0,60,36
16-Sept-25|Slot-3|222A,"A: 35, B: 30",Tst45:35,,0,0,65,35
16-Sept-25|Slot-3|222B,"A: 39, B: 26",Tst45:39,,0,0,65,39
16-Sept-25|Slot-3|224A,"A: 18, B: 18",,,0,0,36,0
16-Sept-25|Slot-3|303,"A: 33, B: 26",Tst29:33,,0,0,59,33
16-Sept-25|Slot-3|304,"A: 29, B: 24",,,0,0,53,0
16-Sept-25|Slot-3|306,"A: 28, B: 26",,,0,0,54,0
16-Sept-25|Slot-3|307,"A: 28, B: 28",,,0,0,56,0
16-Sept-25|Slot-3|308,"A: 28, B: 28",,,0,0,56,0
16-Sept-25|Slot-3|316A,"A: 35, B: 28",Tst76:35,,0,0,63,35
16-Sept-25|Slot-3|316B,"A: 36, B: 29",Tst45:36,,0,0,65,36
16-Sept-25|Slot-3|321A,"A: 28, B: 28",,,0,0,56,0
16-Sept-25|Slot-3|322B,"A: 30, B: 28",,,0,0,58,0
16-Sept-25|Slot-3|327A,"A: 30, B: 29",,,0,0,59,0
16-Sept-25|Slot-3|327B,"A: 38, B: 28",Tst45:38,,0,0,66,38
17-Sept-25|Slot-1|101,"A: 31, B: 28",Tst24:31,Tst23:28,0,0,59,59
17-Sept-25|Slot-1|102,"A: 25, B: 23",,,0,0,48,0
17-Sept-25|Slot-1|103,"A: 29, B: 25",Tst53:29,,0,0,54,29
17-Sept-25|Slot-1|108,"A: 30, B: 30",Tst24:30,Tst61:30,0,0,60,60
17-Sept-25|Slot-1|110,"A: 31, B: 25",Tst24:31,,0,0,56,31
17-Sept-25|Slot-1|111,"A: 28, B: 28",Tst47:28,Tst40:21,0,0,56,49
17-Sept-25|Slot-1|112,"A: 28, B: 27",,,0,0,55,0
17-Sept-25|Slot-1|113A,"A: 31, B: 24",Tst24:31,,0,0,55,31
17-Sept-25|Slot-1|113B,"A: 31, B: 25",Tst24:31,,0,0,56,31
17-Sept-25|Slot-1|113C,"A: 31, B: 25",Tst24:31,,0,0,56,31
17-Sept-25|Slot-1|115A,"A: 35, B: 28",Tst24:35,Tst53:3,0,0,63,38
17-Sept-25|Slot-1|115B,"A: 35, B: 28",Tst24:35,Tst48:28,0,0,63,63
17-Sept-25|Slot-1|115C,"A: 35, B: 28",Tst24:35,Tst48:28,0,0,63,63
17-Sept-25|Slot-1|116A,"A: 35, B: 28",Tst24:35,Tst48:28,0,0,63,63
17-Sept-25|Slot-1|116B,"A: 35, B: 28",Tst24:35,Tst48:3,0,0,63,38
17-Sept-25|Slot-1|116C,"A: 35, B: 28",Tst24:35,Tst81:28,0,0,63,63
17-Sept-25|Slot-1|124A,"A: 18, B: 18",,,0,0,36,0
17-Sept-25|Slot-1|124B,"A: 18, B: 18",,,0,0,36,0
17-Sept-25|Slot-1|125A,"A: 30, B: 30",Tst24:30,Tst61:30,0,0,60,60
17-Sept-25|Slot-1|125B,"A: 30, B: 30",Tst24:10,Tst61:30,0,0,60,40
17-Sept-25|Slot-1|126A,"A: 30, B: 30",Tst61:30,Tst36:30,0,0,60,60
17-Sept-25|Slot-1|126B,"A: 30, B: 30",Tst61:30,Tst36:30,0,0,60,60
17-Sept-25|Slot-1|127A,"A: 35, B: 28",Tst24:35,Tst81:28,0,0,63,63
17-Sept-25|Slot-1|127B,"A: 34, B: 28",Tst24:34,Tst57:28,0,0,62,62
17-Sept-25|Slot-1|127C,"A: 35, B: 28",Tst24:35,Tst81:8,0,0,63,43
17-Sept-25|Slot-1|201,"A: 28, B: 28",Tst47:11,,0,0,56,11
17-Sept-25|Slot-1|202,"A: 32, B: 31",Tst24:32,Tst61:31,0,0,63,63
17-Sept-25|Slot-1|205,"A: 30, B: 29",Tst61:30,Tst36:6,0,0,59,36
17-Sept-25|Slot-1|206,"A: 28, B: 28",,,0,0,56,0
17-Sept-25|Slot-1|208,"A: 28, B: 28",,,0,0,56,0
17-Sept-25|Slot-1|211,"A: 28, B: 29",Tst23:1,Tst53:29,0,0,57,30
17-Sept-25|Slot-1|212,"A: 30, B: 23",Tst36:30,,0,0,53,30
17-Sept-25|Slot-1|214A,"A: 34, B: 27",Tst24:34,,0,0,61,34
17-Sept-25|Slot-1|214B,"A: 32, B: 26",Tst24:32,,0,0,58,32
17-Sept-25|Slot-1|214C,"A: 33, B: 27",Tst24:33,,0,0,60,33
17-Sept-25|Slot-1|215A,"A: 34, B: 27",Tst24:34,,0,0,61,34
17-Sept-25|Slot-1|215B,"A: 33, B: 27",Tst24:33,,0,0,60,33
17-Sept-25|Slot-1|215C,"A: 33, B: 28",Tst24:33,Tst57:4,0,0,61,37
17-Sept-25|Slot-1|219A,"A: 18, B: 18",,,0,0,36,0
17-Sept-25|Slot-1|221B,"A: 36, B: 24",Tst24:36,,0,0,60,36
17-Sept-25|Slot-1|222A,"A: 35, B: 30",Tst24:35,Tst61:30,0,0,65,65
17-Sept-25|Slot-1|222B,"A: 39, B: 26",Tst24:39,,0,0,65,39
17-Sept-25|Slot-1|224A,"A: 18, B: 18",,,0,0,36,0
17-Sept-25|Slot-1|303,"A: 33, B: 26",Tst24:33,,0,0,59,33
17-Sept-25|Slot-1|304,"A: 29, B: 24",Tst53:29,,0,0,53,29
17-Sept-25|Slot-1|306,"A: 28, B: 26",,,0,0,54,0
17-Sept-25|Slot-1|307,"A: 28, B: 28",,,0,0,56,0
17-Sept-25|Slot-1|308,"A: 28, B: 28",,,0,0,56,0
17-Sept-25|Slot-1|316A,"A: 35, B: 28",Tst24:35,Tst57:28,0,0,63,63
17-Sept-25|Slot-1|316B,"A: 36, B: 29",Tst24:36,Tst36:29,0,0,65,65
17-Sept-25|Slot-1|321A,"A: 28, B: 28",,,0,0,56,0
17-Sept-25|Slot-1|322B,"A: 30, B: 28",Tst36:30,Tst23:28,0,0,58,58
17-Sept-25|Slot-1|327A,"A: 30, B: 29",Tst61:26,Tst53:29,0,0,59,55
17-Sept-25|Slot-1|327B,"A: 38, B: 28",Tst24:38,Tst53:28,0,0,66,66
17-Sept-25|Slot-2|101,"A: 31, B: 28",Tst90:31,,0,0,59,31
17-Sept-25|Slot-2|102,"A: 25, B: 23",,,0,0,48,0
17-Sept-25|Slot-2|103,"A: 29, B: 25",,,0,0,54,0
17-Sept-25|Slot-2|108,"A: 30, B: 30",Tst139:1,Tst91:30,0,0,60,31
17-Sept-25|Slot-2|110,"A: 31, B: 25",Tst90:27,,0,0,56,27
17-Sept-25|Slot-2|111,"A: 28, B: 28",,,0,0,56,0
17-Sept-25|Slot-2|112,"A: 28, B: 27",,,0,0,55,0
17-Sept-25|Slot-2|113A,"A: 31, B: 24",Tst94:31,,0,0,55,31
17-Sept-25|Slot-2|113B,"A: 31, B: 25",Tst121:31,,0,0,56,31
17-Sept-25|Slot-2|113C,"A: 31, B: 25",Tst121:23,,0,0,56,23
17-Sept-25|Slot-2|115A,"A: 35, B: 28",Tst103:35,,0,0,63,35
17-Sept-25|Slot-2|115B,"A: 35, B: 28",Tst103:35,,0,0,63,35
17-Sept-25|Slot-2|115C,"A: 35, B: 28",Tst103:35,,0,0,63,35
17-Sept-25|Slot-2|116A,"A: 35, B: 28",Tst103:18,,0,0,63,18
17-Sept-25|Slot-2|116B,"A: 35, B: 28",Tst87:35,,0,0,63,35
17-Sept-25|Slot-2|116C,"A: 35, B: 28",Tst87:35,,0,0,63,35
17-Sept-25|Slot-2|124A,"A: 18, B: 18",,,0,0,36,0
17-Sept-25|Slot-2|124B,"A: 18, B: 18",,,0,0,36,0
17-Sept-25|Slot-2|125A,"A: 30, B: 30",Tst91:1,,0,0,60,1
17-Sept-25|Slot-2|125B,"A: 30, B: 30",,,0,0,60,0
17-Sept-25|Slot-2|126A,"A: 30, B: 30",,,0,0,60,0
17-Sept-25|Slot-2|126B,"A: 30, B: 30",,,0,0,60,0
17-Sept-25|Slot-2|127A,"A: 35, B: 28",Tst87:35,,0,0,63,35
17-Sept-25|Slot-2|127B,"A: 34, B: 28",Tst87:18,,0,0,62,18
17-Sept-25|Slot-2|127C,"A: 35, B: 28",Tst87:35,,0,0,63,35
17-Sept-25|Slot-2|201,"A: 28, B: 28",,,0,0,56,0
17-Sept-25|Slot-2|202,"A: 32, B: 31",Tst95:32,Tst132:31,0,0,63,63
17-Sept-25|Slot-2|205,"A: 30, B: 29",,,0,0,59,0
17-Sept-25|Slot-2|206,"A: 28, B: 28",,,0,0,56,0
17-Sept-25|Slot-2|208,"A: 28, B: 28",,,0,0,56,0
17-Sept-25|Slot-2|211,"A: 28, B: 29",,,0,0,57,0
17-Sept-25|Slot-2|212,"A: 30, B: 23",,,0,0,53,0
17-Sept-25|Slot-2|214A,"A: 34, B: 27",Tst135:34,,0,0,61,34
17-Sept-25|Slot-2|214B,"A: 32, B: 26",Tst132:32,,0,0,58,32
17-Sept-25|Slot-2|214C,"A: 33, B: 27",Tst88:33,,0,0,60,33
17-Sept-25|Slot-2|215A,"A: 34, B: 27",Tst135:34,,0,0,61,34
17-Sept-25|Slot-2|215B,"A: 33, B: 27",Tst88:33,,0,0,60,33
17-Sept-25|Slot-2|215C,"A: 33, B: 28",Tst135:3; Tst139:30,,1,0,61,33
17-Sept-25|Slot-2|219A,"A: 18, B: 18",,,0,0,36,0
17-Sept-25|Slot-2|221B,"A: 36, B: 24",Tst103:36,,0,0,60,36
17-Sept-25|Slot-2|222A,"A: 35, B: 30",Tst103:35,Tst94:9,0,0,65,44
17-Sept-25|Slot-2|222B,"A: 39, B: 26",Tst103:39,,0,0,65,39
17-Sept-25|Slot-2|224A,"A: 18, B: 18",,,0,0,36,0
17-Sept-25|Slot-2|303,"A: 33, B: 26",Tst88:1; Tst95:32,,1,0,59,33
17-Sept-25|Slot-2|304,"A: 29, B: 24",,,0,0,53,0
17-Sept-25|Slot-2|306,"A: 28, B: 26",,,0,0,54,0
17-Sept-25|Slot-2|307,"A: 28, B: 28",,,0,0,56,0
17-Sept-25|Slot-2|308,"A: 28, B: 28",,,0,0,56,0
17-Sept-25|Slot-2|316A,"A: 35, B: 28",Tst87:35,,0,0,63,35
17-Sept-25|Slot-2|316B,"A: 36, B: 29",Tst103:36,,0,0,65,36
17-Sept-25|Slot-2|321A,"A: 28, B: 28",,,0,0,56,0
17-Sept-25|Slot-2|322B,"A: 30, B: 28",,,0,0,58,0
17-Sept-25|Slot-2|327A,"A: 30, B: 29",,,0,0,59,0
17-Sept-25|Slot-2|327B,"A: 38, B: 28",Tst103:38,,0,0,66,38
17-Sept-25|Slot-3|101,"A: 31, B: 28",Tst41:29,,0,0,59,29
17-Sept-25|Slot-3|102,"A: 25, B: 23",,,0,0,48,0
17-Sept-25|Slot-3|103,"A: 29, B: 25",,,0,0,54,0
17-Sept-25|Slot-3|108,"A: 30, B: 30",,,0,0,60,0
17-Sept-25|Slot-3|110,"A: 31, B: 25",,,0,0,56,0
17-Sept-25|Slot-3|111,"A: 28, B: 28",,,0,0,56,0
17-Sept-25|Slot-3|112,"A: 28, B: 27",,,0,0,55,0
17-Sept-25|Slot-3|113A,"A: 31, B: 24",,,0,0,55,0
17-Sept-25|Slot-3|113B,"A: 31, B: 25",,,0,0,56,0
17-Sept-25|Slot-3|113C,"A: 31, B: 25",,,0,0,56,0
17-Sept-25|Slot-3|115A,"A: 35, B: 28",Tst38:35,,0,0,63,35
17-Sept-25|Slot-3|115B,"A: 35, B: 28",Tst38:35,,0,0,63,35
17-Sept-25|Slot-3|115C,"A: 35, B: 28",Tst38:35,,0,0,63,35
17-Sept-25|Slot-3|116A,"A: 35, B: 28",Tst38:35,,0,0,63,35
17-Sept-25|Slot-3|116B,"A: 35, B: 28",Tst38:35,,0,0,63,35
17-Sept-25|Slot-3|116C,"A: 35, B: 28",Tst38:35,,0,0,63,35
17-Sept-25|Slot-3|124A,"A: 18, B: 18",,,0,0,36,0
17-Sept-25|Slot-3|124B,"A: 18, B: 18",,,0,0,36,0
17-Sept-25|Slot-3|125A,"A: 30, B: 30",,,0,0,60,0
17-Sept-25|Slot-3|125B,"A: 30, B: 30",,,0,0,60,0
17-Sept-25|Slot-3|126A,"A: 30, B: 30",,,0,0,60,0
17-Sept-25|Slot-3|126B,"A: 30, B: 30",,,0,0,60,0
17-Sept-25|Slot-3|127A,"A: 35, B: 28",Tst38:35,,0,0,63,35
17-Sept-25|Slot-3|127B,"A: 34, B: 28",Tst38:34,,0,0,62,34
17-Sept-25|Slot-3|127C,"A: 35, B: 28",Tst38:35,,0,0,63,35
17-Sept-25|Slot-3|201,"A: 28, B: 28",,,0,0,56,0
17-Sept-25|Slot-3|202,"A: 32, B: 31",Tst67:32,Tst41:31,0,0,63,63
17-Sept-25|Slot-3|205,"A: 30, B: 29",,,0,0,59,0
17-Sept-25|Slot-3|206,"A: 28, B: 28",,,0,0,56,0
17-Sept-25|Slot-3|208,"A: 28, B: 28",,,0,0,56,0
17-Sept-25|Slot-3|211,"A: 28, B: 29",,,0,0,57,0
17-Sept-25|Slot-3|212,"A: 30, B: 23",,,0,0,53,0
17-Sept-25|Slot-3|214A,"A: 34, B: 27",Tst38:11,,0,0,61,11
17-Sept-25|Slot-3|214B,"A: 32, B: 26",Tst67:3,,0,0,58,3
17-Sept-25|Slot-3|214C,"A: 33, B: 27",Tst67:33,,0,0,60,33
17-Sept-25|Slot-3|215A,"A: 34, B: 27",Tst67:34,,0,0,61,34
17-Sept-25|Slot-3|215B,"A: 33, B: 27",Tst67:33,,0,0,60,33
17-Sept-25|Slot-3|215C,"A: 33, B: 28",Tst67:33,,0,0,61,33
17-Sept-25|Slot-3|219A,"A: 18, B: 18",,,0,0,36,0
17-Sept-25|Slot-3|221B,"A: 36, B: 24",Tst38:36,,0,0,60,36
17-Sept-25|Slot-3|222A,"A: 35, B: 30",Tst38:35,,0,0,65,35
17-Sept-25|Slot-3|222B,"A: 39, B: 26",Tst38:39,,0,0,65,39
17-Sept-25|Slot-3|224A,"A: 18, B: 18",,,0,0,36,0
17-Sept-25|Slot-3|303,"A: 33, B: 26",Tst67:33,,0,0,59,33
17-Sept-25|Slot-3|304,"A: 29, B: 24",,,0,0,53,0
17-Sept-25|Slot-3|306,"A: 28, B: 26",,,0,0,54,0
17-Sept-25|Slot-3|307,"A: 28, B: 28",,,0,0,56,0
17-Sept-25|Slot-3|308,"A: 28, B: 28",,,0,0,56,0
17-Sept-25|Slot-3|316A,"A: 35, B: 28",Tst38:35,,0,0,63,35
17-Sept-25|Slot-3|316B,"A: 36, B: 29",Tst38:36,,0,0,65,36
17-Sept-25|Slot-3|321A,"A: 28, B: 28",,,0,0,56,0
17-Sept-25|Slot-3|322B,"A: 30, B: 28",,,0,0,58,0
17-Sept-25|Slot-3|327A,"A: 30, B: 29",,,0,0,59,0
17-Sept-25|Slot-3|327B,"A: 38, B: 28",Tst38:38,,0,0,66,38
17-Sept-25|Slot-4|101,"A: 31, B: 28",Tst120:31,,0,0,59,31
17-Sept-25|Slot-4|102,"A: 25, B: 23",,,0,0,48,0
17-Sept-25|Slot-4|103,"A: 29, B: 25",,,0,0,54,0
17-Sept-25|Slot-4|108,"A: 30, B: 30",,,0,0,60,0
17-Sept-25|Slot-4|110,"A: 31, B: 25",Tst120:27,,0,0,56,27
17-Sept-25|Slot-4|111,"A: 28, B: 28",,,0,0,56,0
17-Sept-25|Slot-4|112,"A: 28, B: 27",,,0,0,55,0
17-Sept-25|Slot-4|113A,"A: 31, B: 24",Tst93:31,,0,0,55,31
17-Sept-25|Slot-4|113B,"A: 31, B: 25",Tst122:31,,0,0,56,31
17-Sept-25|Slot-4|113C,"A: 31, B: 25",Tst122:23,,0,0,56,23
17-Sept-25|Slot-4|115A,"A: 35, B: 28",Tst104:35,,0,0,63,35
17-Sept-25|Slot-4|115B,"A: 35, B: 28",Tst104:35,,0,0,63,35
17-Sept-25|Slot-4|115C,"A: 35, B: 28",Tst104:35,,0,0,63,35
17-Sept-25|Slot-4|116A,"A: 35, B: 28",Tst104:18,,0,0,63,18
17-Sept-25|Slot-4|116B,"A: 35, B: 28",Tst98:35,,0,0,63,35
17-Sept-25|Slot-4|116C,"A: 35, B: 28",Tst98:35,,0,0,63,35
17-Sept-25|Slot-4|124A,"A: 18, B: 18",,,0,0,36,0
17-Sept-25|Slot-4|124B,"A: 18, B: 18",,,0,0,36,0
17-Sept-25|Slot-4|125A,"A: 30, B: 30",,,0,0,60,0
17-Sept-25|Slot-4|125B,"A: 30, B: 30",,,0,0,60,0
17-Sept-25|Slot-4|126A,"A: 30, B: 30",,,0,0,60,0
17-Sept-25|Slot-4|126B,"A: 30, B: 30",,,0,0,60,0
17-Sept-25|Slot-4|127A,"A: 35, B: 28",Tst98:35,,0,0,63,35
17-Sept-25|Slot-4|127B,"A: 34, B: 28",Tst98:18,,0,0,62,18
17-Sept-25|Slot-4|127C,"A: 35, B: 28",Tst98:35,,0,0,63,35
17-Sept-25|Slot-4|201,"A: 28, B: 28",,,0,0,56,0
17-Sept-25|Slot-4|202,"A: 32, B: 31",Tst96:32,Tst133:31,0,0,63,63
17-Sept-25|Slot-4|205,"A: 30, B: 29",,,0,0,59,0
17-Sept-25|Slot-4|206,"A: 28, B: 28",,,0,0,56,0
17-Sept-25|Slot-4|208,"A: 28, B: 28",,,0,0,56,0
17-Sept-25|Slot-4|211,"A: 28, B: 29",,,0,0,57,0
17-Sept-25|Slot-4|212,"A: 30, B: 23",,,0,0,53,0
17-Sept-25|Slot-4|214A,"A: 34, B: 27",Tst86:34,,0,0,61,34
17-Sept-25|Slot-4|214B,"A: 32, B: 26",Tst133:32,,0,0,58,32
17-Sept-25|Slot-4|214C,"A: 33, B: 27",Tst130:33,,0,0,60,33
17-Sept-25|Slot-4|215A,"A: 34, B: 27",Tst86:34,,0,0,61,34
17-Sept-25|Slot-4|215B,"A: 33, B: 27",Tst130:33,,0,0,60,33
17-Sept-25|Slot-4|215C,"A: 33, B: 28",Tst86:3,,0,0,61,3
17-Sept-25|Slot-4|219A,"A: 18, B: 18",,,0,0,36,0
17-Sept-25|Slot-4|221B,"A: 36, B: 24",Tst104:36,,0,0,60,36
17-Sept-25|Slot-4|222A,"A: 35, B: 30",Tst104:35,Tst93:9,0,0,65,44
17-Sept-25|Slot-4|222B,"A: 39, B: 26",Tst104:39,,0,0,65,39
17-Sept-25|Slot-4|224A,"A: 18, B: 18",,,0,0,36,0
17-Sept-25|Slot-4|303,"A: 33, B: 26",Tst130:1; Tst96:32,,1,0,59,33
17-Sept-25|Slot-4|304,"A: 29, B: 24",,,0,0,53,0
17-Sept-25|Slot-4|306,"A: 28, B: 26",,,0,0,54,0
17-Sept-25|Slot-4|307,"A: 28, B: 28",,,0,0,56,0
17-Sept-25|Slot-4|308,"A: 28, B: 28",,,0,0,56,0
17-Sept-25|Slot-4|316A,"A: 35, B: 28",Tst98:35,,0,0,63,35
17-Sept-25|Slot-4|316B,"A: 36, B: 29",Tst104:36,,0,0,65,36
17-Sept-25|Slot-4|321A,"A: 28, B: 28",,,0,0,56,0
17-Sept-25|Slot-4|322B,"A: 30, B: 28",,,0,0,58,0
17-Sept-25|Slot-4|327A,"A: 30, B: 29",,,0,0,59,0
17-Sept-25|Slot-4|327B,"A: 38, B: 28",Tst104:38,,0,0,66,38
18-Sept-25|Slot-1|101,"A: 31, B: 28",Tst09:31,,0,0,59,31
18-Sept-25|Slot-1|102,"A: 25, B: 23",,,0,0,48,0
18-Sept-25|Slot-1|103,"A: 29, B: 25",,,0,0,54,0
18-Sept-25|Slot-1|108,"A: 30, B: 30",Tst09:7,Tst03:3,0,0,60,10
18-Sept-25|Slot-1|110,"A: 31, B: 25",Tst09:31,,0,0,56,31
18-Sept-25|Slot-1|111,"A: 28, B: 28",,,0,0,56,0
18-Sept-25|Slot-1|112,"A: 28, B: 27",,,0,0,55,0
18-Sept-25|Slot-1|113A,"A: 31, B: 24",Tst09:31,,0,0,55,31
18-Sept-25|Slot-1|113B,"A: 31, B: 25",Tst09:31,,0,0,56,31
18-Sept-25|Slot-1|113C,"A: 31, B: 25",Tst09:31,,0,0,56,31
18-Sept-25|Slot-1|115A,"A: 35, B: 28",Tst09:35,,0,0,63,35
18-Sept-25|Slot-1|115B,"A: 35, B: 28",Tst09:35,,0,0,63,35
18-Sept-25|Slot-1|115C,"A: 35, B: 28",Tst09:35,,0,0,63,35
18-Sept-25|Slot-1|116A,"A: 35, B: 28",Tst09:35,,0,0,63,35
18-Sept-25|Slot-1|116B,"A: 35, B: 28",Tst09:35,,0,0,63,35
18-Sept-25|Slot-1|116C,"A: 35, B: 28",Tst09:35,,0,0,63,35
18-Sept-25|Slot-1|124A,"A: 18, B: 18",,,0,0,36,0
18-Sept-25|Slot-1|124B,"A: 18, B: 18",,,0,0,36,0
18-Sept-25|Slot-1|125A,"A: 30, B: 30",Tst58:30,Tst74:30,0,0,60,60
18-Sept-25|Slot-1|125B,"A: 30, B: 30",Tst58:30,Tst74:30,0,0,60,60
18-Sept-25|Slot-1|126A,"A: 30, B: 30",Tst05:30,,0,0,60,30
18-Sept-25|Slot-1|126B,"A: 30, B: 30",Tst05:27,,0,0,60,27
18-Sept-25|Slot-1|127A,"A: 35, B: 28",Tst09:35,,0,0,63,35
18-Sept-25|Slot-1|127B,"A: 34, B: 28",Tst09:34,,0,0,62,34
18-Sept-25|Slot-1|127C,"A: 35, B: 28",Tst09:35,,0,0,63,35
18-Sept-25|Slot-1|201,"A: 28, B: 28",,,0,0,56,0
18-Sept-25|Slot-1|202,"A: 32, B: 31",Tst09:32,Tst03:31,0,0,63,63
18-Sept-25|Slot-1|205,"A: 30, B: 29",,,0,0,59,0
18-Sept-25|Slot-1|206,"A: 28, B: 28",,,0,0,56,0
18-Sept-25|Slot-1|208,"A: 28, B: 28",,,0,0,56,0
18-Sept-25|Slot-1|211,"A: 28, B: 29",,,0,0,57,0
18-Sept-25|Slot-1|212,"A: 30, B: 23",,,0,0,53,0
18-Sept-25|Slot-1|214A,"A: 34, B: 27",Tst09:34,,0,0,61,34
18-Sept-25|Slot-1|214B,"A: 32, B: 26",Tst09:32,,0,0,58,32
18-Sept-25|Slot-1|214C,"A: 33, B: 27",Tst09:33,,0,0,60,33
18-Sept-25|Slot-1|215A,"A: 34, B: 27",Tst09:34,,0,0,61,34
18-Sept-25|Slot-1|215B,"A: 33, B: 27",Tst09:33,,0,0,60,33
18-Sept-25|Slot-1|215C,"A: 33, B: 28",Tst09:33,,0,0,61,33
18-Sept-25|Slot-1|219A,"A: 18, B: 18",,,0,0,36,0
18-Sept-25|Slot-1|221B,"A: 36, B: 24",Tst09:36,,0,0,60,36
18-Sept-25|Slot-1|222A,"A: 35, B: 30",Tst09:35,Tst03:30,0,0,65,65
18-Sept-25|Slot-1|222B,"A: 39, B: 26",Tst09:39,,0,0,65,39
18-Sept-25|Slot-1|224A,"A: 18, B: 18",,,0,0,36,0
18-Sept-25|Slot-1|303,"A: 33, B: 26",Tst09:33,,0,0,59,33
18-Sept-25|Slot-1|304,"A: 29, B: 24",,,0,0,53,0
18-Sept-25|Slot-1|306,"A: 28, B: 26",,,0,0,54,0
18-Sept-25|Slot-1|307,"A: 28, B: 28",,,0,0,56,0
18-Sept-25|Slot-1|308,"A: 28, B: 28",,,0,0,56,0
18-Sept-25|Slot-1|316A,"A: 35, B: 28",Tst09:35,,0,0,63,35
18-Sept-25|Slot-1|316B,"A: 36, B: 29",Tst09:36,,0,0,65,36
18-Sept-25|Slot-1|321A,"A: 28, B: 28",,,0,0,56,0
18-Sept-25|Slot-1|322B,"A: 30, B: 28",,,0,0,58,0
18-Sept-25|Slot-1|327A,"A: 30, B: 29",,,0,0,59,0
18-Sept-25|Slot-1|327B,"A: 38, B: 28",Tst09:38,,0,0,66,38
18-Sept-25|Slot-2|101,"A: 31, B: 28",Tst111:31,,0,0,59,31
18-Sept-25|Slot-2|102,"A: 25, B: 23",,,0,0,48,0
18-Sept-25|Slot-2|103,"A: 29, B: 25",,,0,0,54,0
18-Sept-25|Slot-2|108,"A: 30, B: 30",Tst92:24,Tst118:20,0,0,60,44
18-Sept-25|Slot-2|110,"A: 31, B: 25",Tst111:19,,0,0,56,19
18-Sept-25|Slot-2|111,"A: 28, B: 28",,,0,0,56,0
18-Sept-25|Slot-2|112,"A: 28, B: 27",,,0,0,55,0
18-Sept-25|Slot-2|113A,"A: 31, B: 24",Tst85:31,,0,0,55,31
18-Sept-25|Slot-2|113B,"A: 31, B: 25",Tst97:31,,0,0,56,31
18-Sept-25|Slot-2|113C,"A: 31, B: 25",Tst97:13,,0,0,56,13
18-Sept-25|Slot-2|115A,"A: 35, B: 28",Tst128:5; Tst129:30,,1,0,63,35
18-Sept-25|Slot-2|115B,"A: 35, B: 28",Tst107:35,,0,0,63,35
18-Sept-25|Slot-2|115C,"A: 35, B: 28",Tst107:35,,0,0,63,35
18-Sept-25|Slot-2|116A,"A: 35, B: 28",Tst107:35,,0,0,63,35
18-Sept-25|Slot-2|116B,"A: 35, B: 28",Tst107:35,,0,0,63,35
18-Sept-25|Slot-2|116C,"A: 35, B: 28",Tst107:23,,0,0,63,23
18-Sept-25|Slot-2|124A,"A: 18, B: 18",,,0,0,36,0
18-Sept-25|Slot-2|124B,"A: 18, B: 18",,,0,0,36,0
18-Sept-25|Slot-2|125A,"A: 30, B: 30",Tst89:20,Tst134:19,0,0,60,39
18-Sept-25|Slot-2|125B,"A: 30, B: 30",Tst112:14,,0,0,60,14
18-Sept-25|Slot-2|126A,"A: 30, B: 30",,,0,0,60,0
18-Sept-25|Slot-2|126B,"A: 30, B: 30",,,0,0,60,0
18-Sept-25|Slot-2|127A,"A: 35, B: 28",Tst101:35,,0,0,63,35
18-Sept-25|Slot-2|127B,"A: 34, B: 28",Tst101:13,,0,0,62,13
18-Sept-25|Slot-2|127C,"A: 35, B: 28",Tst101:35,,0,0,63,35
18-Sept-25|Slot-2|201,"A: 28, B: 28",,,0,0,56,0
18-Sept-25|Slot-2|202,"A: 32, B: 31",Tst117:32,Tst137:22,0,0,63,54
18-Sept-25|Slot-2|205,"A: 30, B: 29",,,0,0,59,0
18-Sept-25|Slot-2|206,"A: 28, B: 28",,,0,0,56,0
18-Sept-25|Slot-2|208,"A: 28, B: 28",,,0,0,56,0
18-Sept-25|Slot-2|211,"A: 28, B: 29",,,0,0,57,0
18-Sept-25|Slot-2|212,"A: 30, B: 23",,,0,0,53,0
18-Sept-25|Slot-2|214A,"A: 34, B: 27",Tst136:34,,0,0,61,34
18-Sept-25|Slot-2|214B,"A: 32, B: 26",Tst137:32,,0,0,58,32
18-Sept-25|Slot-2|214C,"A: 33, B: 27",Tst131:33,,0,0,60,33
18-Sept-25|Slot-2|215A,"A: 34, B: 27",Tst136:34,,0,0,61,34
18-Sept-25|Slot-2|215B,"A: 33, B: 27",Tst131:33,,0,0,60,33
18-Sept-25|Slot-2|215C,"A: 33, B: 28",Tst136:3; Tst84:27,,1,0,61,30
18-Sept-25|Slot-2|219A,"A: 18, B: 18",,,0,0,36,0
18-Sept-25|Slot-2|221B,"A: 36, B: 24",Tst128:36,,0,0,60,36
18-Sept-25|Slot-2|222A,"A: 35, B: 30",Tst128:35,Tst85:8,0,0,65,43
18-Sept-25|Slot-2|222B,"A: 39, B: 26",Tst128:39,,0,0,65,39
18-Sept-25|Slot-2|224A,"A: 18, B: 18",,,0,0,36,0
18-Sept-25|Slot-2|303,"A: 33, B: 26",Tst117:22; Tst131:1,,1,0,59,23
18-Sept-25|Slot-2|304,"A: 29, B: 24",,,0,0,53,0
18-Sept-25|Slot-2|306,"A: 28, B: 26",,,0,0,54,0
18-Sept-25|Slot-2|307,"A: 28, B: 28",,,0,0,56,0
18-Sept-25|Slot-2|308,"A: 28, B: 28",,,0,0,56,0
18-Sept-25|Slot-2|316A,"A: 35, B: 28",Tst101:35,,0,0,63,35
18-Sept-25|Slot-2|316B,"A: 36, B: 29",Tst128:36,,0,0,65,36
18-Sept-25|Slot-2|321A,"A: 28, B: 28",,,0,0,56,0
18-Sept-25|Slot-2|322B,"A: 30, B: 28",,,0,0,58,0
18-Sept-25|Slot-2|327A,"A: 30, B: 29",,,0,0,59,0
18-Sept-25|Slot-2|327B,"A: 38, B: 28",Tst128:38,,0,0,66,38
18-Sept-25|Slot-4|101,"A: 31, B: 28",Tst123:24,,0,0,59,24
18-Sept-25|Slot-4|102,"A: 25, B: 23",,,0,0,48,0
18-Sept-25|Slot-4|103,"A: 29, B: 25",,,0,0,54,0
18-Sept-25|Slot-4|108,"A: 30, B: 30",,,0,0,60,0
18-Sept-25|Slot-4|110,"A: 31, B: 25",Tst119:20,,0,0,56,20
18-Sept-25|Slot-4|111,"A: 28, B: 28",,,0,0,56,0
18-Sept-25|Slot-4|112,"A: 28, B: 27",,,0,0,55,0
18-Sept-25|Slot-4|113A,"A: 31, B: 24",Tst110:14,,0,0,55,14
18-Sept-25|Slot-4|113B,"A: 31, B: 25",Tst124:20,,0,0,56,20
18-Sept-25|Slot-4|113C,"A: 31, B: 25",Tst114:19,,0,0,56,19
18-Sept-25|Slot-4|115A,"A: 35, B: 28",Tst100:13; Tst115:1,,1,0,63,14
18-Sept-25|Slot-4|115B,"A: 35, B: 28",Tst108:35,,0,0,63,35
18-Sept-25|Slot-4|115C,"A: 35, B: 28",Tst108:35,,0,0,63,35
18-Sept-25|Slot-4|116A,"A: 35, B: 28",Tst108:35,,0,0,63,35
18-Sept-25|Slot-4|116B,"A: 35, B: 28",Tst108:35,,0,0,63,35
18-Sept-25|Slot-4|116C,"A: 35, B: 28",Tst108:23,,0,0,63,23
18-Sept-25|Slot-4|124A,"A: 18, B: 18",,,0,0,36,0
18-Sept-25|Slot-4|124B,"A: 18, B: 18",,,0,0,36,0
18-Sept-25|Slot-4|125A,"A: 30, B: 30",,,0,0,60,0
18-Sept-25|Slot-4|125B,"A: 30, B: 30",,,0,0,60,0
18-Sept-25|Slot-4|126A,"A: 30, B: 30",,,0,0,60,0
18-Sept-25|Slot-4|126B,"A: 30, B: 30",,,0,0,60,0
18-Sept-25|Slot-4|127A,"A: 35, B: 28",Tst100:35,,0,0,63,35
18-Sept-25|Slot-4|127B,"A: 34, B: 28",Tst102:34,,0,0,62,34
18-Sept-25|Slot-4|127C,"A: 35, B: 28",Tst100:35,,0,0,63,35
18-Sept-25|Slot-4|201,"A: 28, B: 28",,,0,0,56,0
18-Sept-25|Slot-4|202,"A: 32, B: 31",Tst126:6,Tst125:27,0,0,63,33
18-Sept-25|Slot-4|205,"A: 30, B: 29",,,0,0,59,0
18-Sept-25|Slot-4|206,"A: 28, B: 28",,,0,0,56,0
18-Sept-25|Slot-4|208,"A: 28, B: 28",,,0,0,56,0
18-Sept-25|Slot-4|211,"A: 28, B: 29",,,0,0,57,0
18-Sept-25|Slot-4|212,"A: 30, B: 23",,,0,0,53,0
18-Sept-25|Slot-4|214A,"A: 34, B: 27",Tst102:33,,0,0,61,33
18-Sept-25|Slot-4|214B,"A: 32, B: 26",Tst113:30,,0,0,58,30
18-Sept-25|Slot-4|214C,"A: 33, B: 27",Tst138:33,,0,0,60,33
18-Sept-25|Slot-4|215A,"A: 34, B: 27",Tst109:34,,0,0,61,34
18-Sept-25|Slot-4|215B,"A: 33, B: 27",Tst138:11,,0,0,60,11
18-Sept-25|Slot-4|215C,"A: 33, B: 28",Tst109:16,,0,0,61,16
18-Sept-25|Slot-4|219A,"A: 18, B: 18",,,0,0,36,0
18-Sept-25|Slot-4|221B,"A: 36, B: 24",Tst115:36,,0,0,60,36
18-Sept-25|Slot-4|222A,"A: 35, B: 30",Tst115:35,,0,0,65,35
18-Sept-25|Slot-4|222B,"A: 39, B: 26",Tst115:39,,0,0,65,39
18-Sept-25|Slot-4|224A,"A: 18, B: 18",,,0,0,36,0
18-Sept-25|Slot-4|303,"A: 33, B: 26",Tst126:33,,0,0,59,33
18-Sept-25|Slot-4|304,"A: 29, B: 24",,,0,0,53,0
18-Sept-25|Slot-4|306,"A: 28, B: 26",,,0,0,54,0
18-Sept-25|Slot-4|307,"A: 28, B: 28",,,0,0,56,0
18-Sept-25|Slot-4|308,"A: 28, B: 28",,,0,0,56,0
18-Sept-25|Slot-4|316A,"A: 35, B: 28",Tst100:35,,0,0,63,35
18-Sept-25|Slot-4|316B,"A: 36, B: 29",Tst115:36,,0,0,65,36
18-Sept-25|Slot-4|321A,"A: 28, B: 28",,,0,0,56,0
18-Sept-25|Slot-4|322B,"A: 30, B: 28",,,0,0,58,0
18-Sept-25|Slot-4|327A,"A: 30, B: 29",,,0,0,59,0
18-Sept-25|Slot-4|327B,"A: 38, B: 28",Tst115:38,,0,0,66,38
19-Sept-25|Slot-1|101,"A: 31, B: 28",Tst08:31,,0,0,59,31
19-Sept-25|Slot-1|102,"A: 25, B: 23",,,0,0,48,0
19-Sept-25|Slot-1|103,"A: 29, B: 25",,,0,0,54,0
19-Sept-25|Slot-1|108,"A: 30, B: 30",Tst15:3,Tst31:30,0,0,60,33
19-Sept-25|Slot-1|110,"A: 31, B: 25",Tst08:31,,0,0,56,31
19-Sept-25|Slot-1|111,"A: 28, B: 28",,,0,0,56,0
19-Sept-25|Slot-1|112,"A: 28, B: 27",,,0,0,55,0
19-Sept-25|Slot-1|113A,"A: 31, B: 24",Tst08:11,,0,0,55,11
19-Sept-25|Slot-1|113B,"A: 31, B: 25",Tst08:31,,0,0,56,31
19-Sept-25|Slot-1|113C,"A: 31, B: 25",Tst08:31,,0,0,56,31
19-Sept-25|Slot-1|115A,"A: 35, B: 28",Tst08:35,,0,0,63,35
19-Sept-25|Slot-1|115B,"A: 35, B: 28",Tst08:35,,0,0,63,35
19-Sept-25|Slot-1|115C,"A: 35, B: 28",Tst08:35,,0,0,63,35
19-Sept-25|Slot-1|116A,"A: 35, B: 28",Tst08:35,,0,0,63,35
19-Sept-25|Slot-1|116B,"A: 35, B: 28",Tst08:35,,0,0,63,35
19-Sept-25|Slot-1|116C,"A: 35, B: 28",Tst08:35,,0,0,63,35
19-Sept-25|Slot-1|124A,"A: 18, B: 18",,,0,0,36,0
19-Sept-25|Slot-1|124B,"A: 18, B: 18",,,0,0,36,0
19-Sept-25|Slot-1|125A,"A: 30, B: 30",Tst31:27,Tst20:27,0,0,60,54
19-Sept-25|Slot-1|125B,"A: 30, B: 30",,,0,0,60,0
19-Sept-25|Slot-1|126A,"A: 30, B: 30",,,0,0,60,0
19-Sept-25|Slot-1|126B,"A: 30, B: 30",,,0,0,60,0
19-Sept-25|Slot-1|127A,"A: 35, B: 28",Tst08:35,,0,0,63,35
19-Sept-25|Slot-1|127B,"A: 34, B: 28",Tst08:34,,0,0,62,34
19-Sept-25|Slot-1|127C,"A: 35, B: 28",Tst08:35,,0,0,63,35
19-Sept-25|Slot-1|201,"A: 28, B: 28",,,0,0,56,0
19-Sept-25|Slot-1|202,"A: 32, B: 31",Tst08:32,Tst15:31,0,0,63,63
19-Sept-25|Slot-1|205,"A: 30, B: 29",,,0,0,59,0
19-Sept-25|Slot-1|206,"A: 28, B: 28",,,0,0,56,0
19-Sept-25|Slot-1|208,"A: 28, B: 28",,,0,0,56,0
19-Sept-25|Slot-1|211,"A: 28, B: 29",,,0,0,57,0
19-Sept-25|Slot-1|212,"A: 30, B: 23",,,0,0,53,0
19-Sept-25|Slot-1|214A,"A: 34, B: 27",Tst08:34,,0,0,61,34
19-Sept-25|Slot-1|214B,"A: 32, B: 26",Tst08:32,,0,0,58,32
19-Sept-25|Slot-1|214C,"A: 33, B: 27",Tst08:33,,0,0,60,33
19-Sept-25|Slot-1|215A,"A: 34, B: 27",Tst08:34,,0,0,61,34
19-Sept-25|Slot-1|215B,"A: 33, B: 27",Tst08:33,,0,0,60,33
19-Sept-25|Slot-1|215C,"A: 33, B: 28",Tst08:33,,0,0,61,33
19-Sept-25|Slot-1|219A,"A: 18, B: 18",,,0,0,36,0
19-Sept-25|Slot-1|221B,"A: 36, B: 24",Tst08:36,,0,0,60,36
19-Sept-25|Slot-1|222A,"A: 35, B: 30",Tst08:35,Tst15:30,0,0,65,65
19-Sept-25|Slot-1|222B,"A: 39, B: 26",Tst08:39,,0,0,65,39
19-Sept-25|Slot-1|224A,"A: 18, B: 18",,,0,0,36,0
19-Sept-25|Slot-1|303,"A: 33, B: 26",Tst08:33,,0,0,59,33
19-Sept-25|Slot-1|304,"A: 29, B: 24",,,0,0,53,0
19-Sept-25|Slot-1|306,"A: 28, B: 26",,,0,0,54,0
19-Sept-25|Slot-1|307,"A: 28, B: 28",,,0,0,56,0
19-Sept-25|Slot-1|308,"A: 28, B: 28",,,0,0,56,0
19-Sept-25|Slot-1|316A,"A: 35, B: 28",Tst08:35,,0,0,63,35
19-Sept-25|Slot-1|316B,"A: 36, B: 29",Tst08:36,,0,0,65,36
19-Sept-25|Slot-1|321A,"A: 28, B: 28",,,0,0,56,0
19-Sept-25|Slot-1|322B,"A: 30, B: 28",,,0,0,58,0
19-Sept-25|Slot-1|327A,"A: 30, B: 29",,,0,0,59,0
19-Sept-25|Slot-1|327B,"A: 38, B: 28",Tst08:38,,0,0,66,38
19-Sept-25|Slot-2|101,"A: 31, B: 28",,,0,0,59,0
19-Sept-25|Slot-2|102,"A: 25, B: 23",,,0,0,48,0
19-Sept-25|Slot-2|103,"A: 29, B: 25",,,0,0,54,0
19-Sept-25|Slot-2|108,"A: 30, B: 30",,,0,0,60,0
19-Sept-25|Slot-2|110,"A: 31, B: 25",,,0,0,56,0
19-Sept-25|Slot-2|111,"A: 28, B: 28",,,0,0,56,0
19-Sept-25|Slot-2|112,"A: 28, B: 27",,,0,0,55,0
19-Sept-25|Slot-2|113A,"A: 31, B: 24",,,0,0,55,0
19-Sept-25|Slot-2|113B,"A: 31, B: 25",,,0,0,56,0
19-Sept-25|Slot-2|113C,"A: 31, B: 25",,,0,0,56,0
19-Sept-25|Slot-2|115A,"A: 35, B: 28",,,0,0,63,0
19-Sept-25|Slot-2|115B,"A: 35, B: 28",,,0,0,63,0
19-Sept-25|Slot-2|115C,"A: 35, B: 28",,,0,0,63,0
19-Sept-25|Slot-2|116A,"A: 35, B: 28",,,0,0,63,0
19-Sept-25|Slot-2|116B,"A: 35, B: 28",,,0,0,63,0
19-Sept-25|Slot-2|116C,"A: 35, B: 28",,,0,0,63,0
19-Sept-25|Slot-2|124A,"A: 18, B: 18",,,0,0,36,0
19-Sept-25|Slot-2|124B,"A: 18, B: 18",,,0,0,36,0
19-Sept-25|Slot-2|125A,"A: 30, B: 30",,,0,0,60,0
19-Sept-25|Slot-2|125B,"A: 30, B: 30",,,0,0,60,0
19-Sept-25|Slot-2|126A,"A: 30, B: 30",,,0,0,60,0
19-Sept-25|Slot-2|126B,"A: 30, B: 30",,,0,0,60,0
19-Sept-25|Slot-2|127A,"A: 35, B: 28",,,0,0,63,0
19-Sept-25|Slot-2|127B,"A: 34, B: 28",,,0,0,62,0
19-Sept-25|Slot-2|127C,"A: 35, B: 28",,,0,0,63,0
19-Sept-25|Slot-2|201,"A: 28, B: 28",,,0,0,56,0
19-Sept-25|Slot-2|202,"A: 32, B: 31",,,0,0,63,0
19-Sept-25|Slot-2|205,"A: 30, B: 29",,,0,0,59,0
19-Sept-25|Slot-2|206,"A: 28, B: 28",,,0,0,56,0
19-Sept-25|Slot-2|208,"A: 28, B: 28",,,0,0,56,0
19-Sept-25|Slot-2|211,"A: 28, B: 29",,,0,0,57,0
19-Sept-25|Slot-2|212,"A: 30, B: 23",,,0,0,53,0
19-Sept-25|Slot-2|214A,"A: 34, B: 27",,,0,0,61,0
19-Sept-25|Slot-2|214B,"A: 32, B: 26",,,0,0,58,0
19-Sept-25|Slot-2|214C,"A: 33, B: 27",,,0,0,60,0
19-Sept-25|Slot-2|215A,"A: 34, B: 27",,,0,0,61,0
19-Sept-25|Slot-2|215B,"A: 33, B: 27",,,0,0,60,0
19-Sept-25|Slot-2|215C,"A: 33, B: 28",,,0,0,61,0
19-Sept-25|Slot-2|219A,"A: 18, B: 18",,,0,0,36,0
19-Sept-25|Slot-2|221B,"A: 36, B: 24",Tst105:24,,0,0,60,24
19-Sept-25|Slot-2|222A,"A: 35, B: 30",,,0,0,65,0
19-Sept-25|Slot-2|222B,"A: 39, B: 26",Tst127:39,,0,0,65,39
19-Sept-25|Slot-2|224A,"A: 18, B: 18",,,0,0,36,0
19-Sept-25|Slot-2|303,"A: 33, B: 26",,,0,0,59,0
19-Sept-25|Slot-2|304,"A: 29, B: 24",,,0,0,53,0
19-Sept-25|Slot-2|306,"A: 28, B: 26",,,0,0,54,0
19-Sept-25|Slot-2|307,"A: 28, B: 28",,,0,0,56,0
19-Sept-25|Slot-2|308,"A: 28, B: 28",,,0,0,56,0
19-Sept-25|Slot-2|316A,"A: 35, B: 28",,,0,0,63,0
19-Sept-25|Slot-2|316B,"A: 36, B: 29",Tst116:30,,0,0,65,30
19-Sept-25|Slot-2|321A,"A: 28, B: 28",,,0,0,56,0
19-Sept-25|Slot-2|322B,"A: 30, B: 28",,,0,0,58,0
19-Sept-25|Slot-2|327A,"A: 30, B: 29",,,0,0,59,0
19-Sept-25|Slot-2|327B,"A: 38, B: 28",Tst127:25,,0,0,66,25
19-Sept-25|Slot-4|101,"A: 31, B: 28",,,0,0,59,0
19-Sept-25|Slot-4|102,"A: 25, B: 23",,,0,0,48,0
19-Sept-25|Slot-4|103,"A: 29, B: 25",,,0,0,54,0
19-Sept-25|Slot-4|108,"A: 30, B: 30",,,0,0,60,0
19-Sept-25|Slot-4|110,"A: 31, B: 25",,,0,0,56,0
19-Sept-25|Slot-4|111,"A: 28, B: 28",,,0,0,56,0
19-Sept-25|Slot-4|112,"A: 28, B: 27",,,0,0,55,0
19-Sept-25|Slot-4|113A,"A: 31, B: 24",,,0,0,55,0
19-Sept-25|Slot-4|113B,"A: 31, B: 25",,,0,0,56,0
19-Sept-25|Slot-4|113C,"A: 31, B: 25",,,0,0,56,0
19-Sept-25|Slot-4|115A,"A: 35, B: 28",,,0,0,63,0
19-Sept-25|Slot-4|115B,"A: 35, B: 28",,,0,0,63,0
19-Sept-25|Slot-4|115C,"A: 35, B: 28",,,0,0,63,0
19-Sept-25|Slot-4|116A,"A: 35, B: 28",,,0,0,63,0
19-Sept-25|Slot-4|116B,"A: 35, B: 28",,,0,0,63,0
19-Sept-25|Slot-4|116C,"A: 35, B: 28",,,0,0,63,0
19-Sept-25|Slot-4|124A,"A: 18, B: 18",,,0,0,36,0
19-Sept-25|Slot-4|124B,"A: 18, B: 18",,,0,0,36,0
19-Sept-25|Slot-4|125A,"A: 30, B: 30",,,0,0,60,0
19-Sept-25|Slot-4|125B,"A: 30, B: 30",,,0,0,60,0
19-Sept-25|Slot-4|126A,"A: 30, B: 30",,,0,0,60,0
19-Sept-25|Slot-4|126B,"A: 30, B: 30",,,0,0,60,0
19-Sept-25|Slot-4|127A,"A: 35, B: 28",,,0,0,63,0
19-Sept-25|Slot-4|127B,"A: 34, B: 28",,,0,0,62,0
19-Sept-25|Slot-4|127C,"A: 35, B: 28",,,0,0,63,0
19-Sept-25|Slot-4|201,"A: 28, B: 28",,,0,0,56,0
19-Sept-25|Slot-4|202,"A: 32, B: 31",,,0,0,63,0
19-Sept-25|Slot-4|205,"A: 30, B: 29",,,0,0,59,0
19-Sept-25|Slot-4|206,"A: 28, B: 28",,,0,0,56,0
19-Sept-25|Slot-4|208,"A: 28, B: 28",,,0,0,56,0
19-Sept-25|Slot-4|211,"A: 28, B: 29",,,0,0,57,0
19-Sept-25|Slot-4|212,"A: 30, B: 23",,,0,0,53,0
19-Sept-25|Slot-4|214A,"A: 34, B: 27",,,0,0,61,0
19-Sept-25|Slot-4|214B,"A: 32, B: 26",,,0,0,58,0
19-Sept-25|Slot-4|214C,"A: 33, B: 27",,,0,0,60,0
19-Sept-25|Slot-4|215A,"A: 34, B: 27",,,0,0,61,0
19-Sept-25|Slot-4|215B,"A: 33, B: 27",,,0,0,60,0
19-Sept-25|Slot-4|215C,"A: 33, B: 28",,,0,0,61,0
19-Sept-25|Slot-4|219A,"A: 18, B: 18",,,0,0,36,0
19-Sept-25|Slot-4|221B,"A: 36, B: 24",,,0,0,60,0
19-Sept-25|Slot-4|222A,"A: 35, B: 30",,,0,0,65,0
19-Sept-25|Slot-4|222B,"A: 39, B: 26",Tst106:39,,0,0,65,39
19-Sept-25|Slot-4|224A,"A: 18, B: 18",,,0,0,36,0
19-Sept-25|Slot-4|303,"A: 33, B: 26",,,0,0,59,0
19-Sept-25|Slot-4|304,"A: 29, B: 24",,,0,0,53,0
19-Sept-25|Slot-4|306,"A: 28, B: 26",,,0,0,54,0
19-Sept-25|Slot-4|307,"A: 28, B: 28",,,0,0,56,0
19-Sept-25|Slot-4|308,"A: 28, B: 28",,,0,0,56,0
19-Sept-25|Slot-4|316A,"A: 35, B: 28",,,0,0,63,0
19-Sept-25|Slot-4|316B,"A: 36, B: 29",,,0,0,65,0
19-Sept-25|Slot-4|321A,"A: 28, B: 28",,,0,0,56,0
19-Sept-25|Slot-4|322B,"A: 30, B: 28",,,0,0,58,0
19-Sept-25|Slot-4|327A,"A: 30, B: 29",,,0,0,59,0
19-Sept-25|Slot-4|327B,"A: 38, B: 28",Tst106:15,,0,0,66,15
